Workbook

Sheet Games
A1: Name | B1: Sales | C1: Series | D1: Release | E1: Genre | F1: Developer | G1: Publisher | H1: PlayerCount
A2: PlayerUnknown's Battlegrounds | B2: 42 | D2: 43070 | E2: Battle royale | F2: PUBG Studios | G2: Krafton | H2: 2.3
A3: Minecraft | B3: 33 | C3: Minecraft | D3: 40848 | E3: Sandbox, survival | F3: Mojang Studios | G3: Mojang Studios | H3: 1.5
A4: Diablo III | B4: 20 | C4: Diablo | D4: 41030 | E4: Action role-playing | F4: Blizzard Entertainment | G4: Blizzard Entertainment | H4: 1
A5: Garry's Mod | B5: 20 | D5: 39022 | E5: Sandbox | F5: Facepunch Studios | G5: Valve | H5: 1.1
A6: Terraria | B6: 17.2 | D6: 40664 | E6: Action-adventure | F6: Re-Logic | G6: Re-Logic | H6: 0.98
A7: World of Warcraft | B7: 14 | C7: Warcraft | D7: 38292 | E7: MMORPG | F7: Blizzard Entertainment | G7: Blizzard Entertainment
A8: Half-Life 2 | B8: 12 | C8: Half-Life | D8: 38292 | E8: First-person shooter | F8: Valve | G8: Valve (digital)
A9: The Witcher 3: Wild Hunt | B9: 12 | C9: The Witcher | D9: 42125 | E9: Action role-playing | F9: CD Projekt Red | G9: CD Projekt
A10: StarCraft | B10: 11 | C10: StarCraft | D10: 35855 | E10: Real-time strategy | F10: Blizzard Entertainment | G10: Blizzard Entertainment
A11: The Sims | B11: 11 | C11: The Sims | D11: 36557 | E11: Life simulation | F11: Maxis | G11: Electronic Arts
A12: Fall Guys | B12: 10 | D12: 44044 | E12: Battle royale | F12: Mediatonic | G12: Devolver Digital
A13: RollerCoaster Tycoon 3 | B13: 10 | C13: RollerCoaster Tycoon | D13: 38261 | E13: Construction and management simulation | F13: Frontier Developments | G13: Atari, Inc. (Windows)
A14: Half-Life | B14: 9 | C14: Half-Life | D14: 36100 | E14: First-person shooter | F14: Valve | G14: Sierra Entertainment
A15: Rust | B15: 9 | D15: 43132 | E15: Survival | F15: Facepunch Studios | G15: Facepunch Studios
A16: Civilization V | B16: 8 | C16: Civilization | D16: 40422 | E16: Turn-based strategy, 4X | F16: Firaxis Games | G16: 2K Games & Aspyr
A17: The Sims 3 | B17: 7 | C17: The Sims | D17: 39965 | E17: Life simulation | F17: Maxis | G17: Electronic Arts
A18: Euro Truck Simulator 2 | B18: 6.5 | C18: Truck Simulator | D18: 41183 | E18: Vehicle simulation | F18: SCS Software | G18: SCS Software
A19: Guild Wars | B19: 6 | C19: Guild Wars | D19: 38443 | E19: MMORPG | F19: ArenaNet | G19: NCsoft
A20: StarCraft II: Wings of Liberty | B20: 6 | C20: StarCraft | D20: 40360 | E20: Real-time strategy | F20: Blizzard Entertainment | G20: Blizzard Entertainment
A21: The Sims 2 | B21: 6 | C21: The Sims | D21: 38231 | E21: Life simulation | F21: Maxis | G21: Electronic Arts
A22: Valheim | B22: 6 | D22: 44228 | E22: Survival | F22: Iron Gate | G22: Coffee Stain Publishing
A23: ARMA 3 | B23: 5.5 | C23: ARMA | D23: 41518 | E23: Tactical shooter | F23: Bohemia Interactive | G23: Bohemia Interactive
A24: Last Ninja 2 | B24: 5.5 | C24: The Last Ninja | D24: 32356 | E24: Action-adventure | F24: System 3 | G24: Activision
A25: Cities: Skylines | B25: 5 | D25: 42064 | E25: City-building | F25: Colossal Order | G25: Paradox Interactive
A26: Guild Wars 2 | B26: 5 | C26: Guild Wars | D26: 41122 | E26: MMORPG | F26: ArenaNet | G26: NCsoft
A27: SimCity 3000 | B27: 5 | C27: SimCity | D27: 36161 | E27: City-building | F27: Maxis | G27: Electronic Arts
A28: The Forest | B28: 5 | D28: 43191 | E28: Survival | F28: Endnight Games | G28: Endnight Games
A29: Cyberpunk 2077 | B29: 4.5 | D29: 44166 | E29: Action role-playing | F29: CD Projekt Red | G29: CD Projekt
A30: DayZ | B30: 4 | D30: 41609 | E30: Survival | F30: Bohemia Interactive | G30: Bohemia Interactive
A31: Diablo II | B31: 4 | C31: Diablo | D31: 36678 | E31: Action role-playing | F31: Blizzard North | G31: Blizzard Entertainment
A32: Populous | B32: 4 | C32: Populous | D32: 32660 | E32: God game | F32: Bullfrog Productions | G32: Electronic Arts
A33: RollerCoaster Tycoon | B33: 4 | C33: RollerCoaster Tycoon | D33: 36220 | E33: Construction and management simulation | F33: Chris Sawyer | G33: MicroProse Software
A34: The Last Ninja | B34: 4 | C34: The Last Ninja | D34: 38504 | E34: Action-adventure | F34: System 3 | G34: Activision
A35: Warhammer 40,000: Dawn of War (including expansions) | B35: 4 | C35: Warhammer | D35: 38231 | E35: Real-time strategy | F35: Relic Entertainment | G35: THQ
A36: Where in the World Is Carmen Sandiego? | B36: 4 | C36: Carmen Sandiego | D36: 31199 | E36: Educational | F36: Broderbund | G36: Broderbund
A37: Dark Souls | B37: 3.6 | C37: Dark Souls | D37: 41122 | E37: Action role-playing | F37: FromSoftware | G37: Namco Bandai Games
A38: Dark Souls III | B38: 3.3 | C38: Dark Souls | D38: 42461 | E38: Action role-playing | F38: FromSoftware | G38: Bandai Namco Entertainment
A39: Age of Empires | B39: 3 | C39: Age of Empires | D39: 35704 | E39: Real-time strategy | F39: Ensemble Studios | G39: Microsoft
A40: Civilization IV | B40: 3 | C40: Civilization | D40: 38626 | E40: Turn-based strategy, 4X | F40: Firaxis Games | G40: 2K Games & Aspyr
A41: Command & Conquer | B41: 3 | C41: Command & Conquer | D41: 34912 | E41: Real-time strategy | F41: Westwood Studios | G41: Virgin Interactive
A42: Command & Conquer: Red Alert | B42: 3 | C42: Command & Conquer | D42: 35339 | E42: Real-time strategy | F42: Westwood Studios | G42: Virgin Interactive
... A50: Caesar III | B50: 2.5 | C50: Caesar | D50: 36281 | E50: City-building game | F50: Impressions Game | G50: Sierra Studios
A51: Factorio | B51: 2.5 | D51: 42401 | E51: Construction and management simulation | F51: Wube Software | G51: Wube Software
A52: Lords of the Realm II | B52: 2.5 | C52: Lord of the Realm | D52: 35339 | E52: Turn-based strategy | F52: Impressions Game | G52: Impressions Game
A53: Myst | B53: 2.5 | C53: Myst | D53: 34213 | E53: Adventure, puzzle | F53: Cyan | G53: Brøderbund
A54: Final Fantasy VII | B54: 2.1 | C54: Final Fantasy | D54: 35947 | E54: Role-playing game | F54: Square | G54: Eidos Interactive
A55: 7 Days to Die | B55: 2 | C55: 7 Days | D55: 42522 | E55: Survival horror | F55: The Fun Pimps | G55: The Fun Pimps
A56: Age of Empires II: The Age of Kings | B56: 2 | C56: Age of Empires | D56: 36404 | E56: Real-time strategy | F56: Ensemble Studios | G56: Microsoft
A57: Age of Empires III | B57: 2 | C57: Age of Empires | D57: 38626 | E57: Real-time strategy | F57: Ensemble Studios | G57: Microsoft
A58: Anno 1503 | B58: 2 | C58: Anno | D58: 37681 | E58: City-building | F58: Max Design | G58: Sunflowers
A59: Anno 1602 | B59: 2 | C59: Anno | D59: 36039 | E59: City-building | F59: Max Design | G59: Sunflowers
A60: Baldur's Gate | B60: 2 | C60: Baldur's Gate | D60: 36130 | E60: Role-playing game | F60: BioWare | G60: Interplay Entertainment
A61: Baldur's Gate II: Shadows of Amn | B61: 2 | C61: Baldur's Gate | D61: 36770 | E61: Computer role-playing game | F61: BioWare | G61: Interplay Entertainment
A62: Battlefield 1942 | B62: 2 | C62: Battlefield | D62: 37500 | E62: First-person shooter | F62: EA DICE | G62: Electronic Arts
A63: Black & White | B63: 2 | C63: Black & White | D63: 36951 | E63: God game | F63: Lionhead Studios | G63: EA Games
... A73: Mafia: The City of Lost Heaven | B73: 2 | C73: Mafia | D73: 37469 | E73: Third-person shooter | F73: Illusion Softworks | G73: Gathering of Developers
A74: Magicka | B74: 2 | D74: 40544 | E74: Action-adventure | F74: Arrowhead Game Studios | G74: Paradox Interactive
A75: Neverwinter Nights | B75: 2 | C75: Neverwinter Nights | D75: 37408 | E75: Role-playing game | F75: BioWare | G75: Infogrames / Atari
A76: Planet Coaster | B76: 2 | D76: 42675 | E76: Construction and management simulation | F76: Frontier Developments | G76: Frontier Developments
A77: POD | B77: 2 | C77: POD | D77: 35462 | E77: Racing game | F77: Ubisoft | G77: Ubisoft
A78: SimCity | B78: 2 | C78: SimCity | D78: 41334 | E78: City-building | F78: Electronic Arts | G78: Electronic Arts
A79: SimCity 4 | B79: 2 | C79: SimCity | D79: 37622 | E79: City-building | F79: Maxis | G79: Electronic Arts (Windows)
A80: Space Engineers | B80: 2 | D80: 41548 | E80: Simulation | F80: Keen Software House | G80: Keen Software House
A81: Spore | B81: 2 | C81: Spore | D81: 39692 | E81: God game | F81: Maxis | G81: Electronic Arts
A82: Stickfight: The Game | B82: 2 | D82: 42979 | E82: Fighting | F82: Landfall Games | G82: Landfall Games
A83: Stronghold: Crusader | B83: 2 | C83: Stronghold | D83: 37438 | E83: Real-time strategy | F83: Firefly Studios | G83: Take-Two Interactive / Gathering of Developers
A84: The Binding of Isaac | B84: 2 | D84: 40787 | E84: Action-adventure, roguelike | F84: Edmund McMillen & Florian Himsl | G84: Headup Games
A85: The Witcher | B85: 2 | C85: The Witcher | D85: 39356 | E85: Action role-playing | F85: CD Projekt Red | G85: Atari, Inc
A86: The Witcher 2: Assassins of Kings | B86: 2 | C86: The Witcher | D86: 40664 | E86: Action role-playing | F86: CD Projekt Red | G86: CD Projekt
A87: Warcraft II: Tides of Darkness | B87: 2 | C87: Warcraft | D87: 35034 | E87: Real-time strategy | F87: Blizzard Entertainment | G87: Blizzard Entertainment
A88: Metal Gear Solid V: The Phantom Pain | B88: 1.8 | C88: Metal Gear Solid | D88: 42248 | E88: Action-adventure, stealth | F88: Kojima Productions | G88: Konami
A89: American Truck Simulator | B89: 1.5 | C89: Trucks Simulator | D89: 41183 | E89: Vehicle simulation | F89: SCS Software | G89: SCS Software
A90: International Karate | B90: 1.5 | C90: International Karate | D90: 31352 | E90: Fighting | F90: System 3 | G90: Epyx
A91: Sega Mega Drive and Genesis Classics | B91: 1.5 | C91: Sega Mega Drive and Genesis Classics | D91: 40330 | E91: Compilation | F91: Sega | G91: Sega
A92: Stellaris | B92: 1.5 | D92: 42491 | E92: RTS, 4X, Grand Strategy | F92: Paradox Development Studio | G92: Paradox Interactive
A93: Resident Evil 6 | B93: 1.3 | C93: Resident Evil | D93: 41334 | E93: Third-person shooter, survival horror | F93: Capcom | G93: Capcom
A94: Satisfactory | B94: 1.3 | D94: 43525 | E94: Construction and management simulation | F94: Coffee Stain Studios | G94: Coffee Stain Publishing
A95: Ultra Street Fighter IV | B95: 1.3 | C95: Street Fighter | D95: 39995 | E95: Fighting | F95: Capcom | G95: Capcom
A96: Nier: Automata | B96: 1.2 | C96: Nier | D96: 42795 | E96: Action role-playing, hack and slash | F96: PlatinumGames | G96: Square Enix
A97: Resident Evil 4: Ultimate HD Edition | B97: 1.2 | C97: Resident Evil | D97: 41671 | E97: Third-person shooter, survival horror | F97: Capcom | G97: Capcom
A98: Kingdom Come: Deliverance | B98: 1.1 | D98: 43132 | E98: Action role-playing game | F98: Warhorse Studios | G98: Warhorse Studios
A99: Pac-Man Championship Edition DX+ | B99: 1.1 | C99: Pac-Man | D99: 41518 | E99: Maze, arcade | F99: Namco Bandai Games | G99: Namco Bandai Games
A100: Age of Mythology | B100: 1 | C100: Age of Empires | D100: 37530 | E100: Real-time strategy | F100: Ensemble Studios | G100: Microsoft
A101: American McGee's Alice | B101: 1 | C101: Alice | D101: 36800 | E101: Action-adventure, platformer | F101: Rogue Entertainment | G101: Electronic Arts
A102: Ark: Survival Evolved | B102: 1 | C102: Ark: Survival Evolved | D102: 42156 | E102: Action-adventure, Survival | F102: Studio Wildcard | G102: Studio Wildcard
A103: Battlefield Vietnam | B103: 1 | C103: Battlefield | D103: 38047 | E103: First-person shooter | F103: EA DICE | G103: Electronic Arts
A104: BioShock | B104: 1 | C104: BioShock | D104: 39295 | E104: First-person shooter | F104: Irrational Games | G104: 2K Games
A105: Blade Runner | B105: 1 | D105: 35735 | E105: Point-and-click | F105: Westwood Studios | G105: Virgin Interactive
A106: Civilization II | B106: 1 | C106: Civilization | D106: 35096 | E106: Turn-based strategy, 4X | F106: MicroProse | G106: MicroProse
A107: Command & Conquer 3: Tiberium Wars | B107: 1 | C107: Command & Conquer | D107: 39142 | E107: Real-time strategy | F107: EA Los Angeles | G107: Electronic Arts
A108: Command & Conquer: Red Alert 2 | B108: 1 | C108: Command & Conquer | D108: 36800 | E108: Real-time strategy | F108: Westwood Pacific | G108: Electronic Arts
A109: Command & Conquer: Tiberian Sun | B109: 1 | C109: Command & Conquer | D109: 36373 | E109: Real-time strategy | F109: Westwood Studios | G109: Electronic Arts
A110: Commandos: Behind Enemy Lines | B110: 1 | C110: Commandos | D110: 35947 | E110: Real-time tactics | F110: Pyro Studios | G110: Eidos Interactive
A111: Crusader Kings II | B111: 1 | C111: Crusader Kings | D111: 40940 | E111: Grand strategy | F111: Paradox Development Studio | G111: Paradox Interactive
A112: Crusader Kings III | B112: 1 | C112: Crusader Kings | D112: 44075 | E112: Grand strategy | F112: Paradox Development Studio | G112: Paradox Interactive
A113: Crysis Warhead | B113: 1 | C113: Crysis | D113: 39692 | E113: First-person shooter | F113: Crytek Budapest | G113: Electronic Arts
A114: Cuphead | B114: 1 | D114: 42979 | E114: Run and gun | F114: StudioMDHR | G114: StudioMDHR
A115: Danganronpa 2: Goodbye Despair | B115: 1 | C115: Danganronpa | D115: 42461 | E115: Visual novel, adventure | F115: Spike Chunsoft | G115: Spike Chunsoft
A116: Danganronpa: Trigger Happy Havoc | B116: 1 | C116: Danganronpa | D116: 42401 | E116: Visual novel, adventure | F116: Spike Chunsoft | G116: Spike Chunsoft
...

Sheet Pub
A1: 1 | B1: Krafton
A2: 2 | B2: Mojang Studios
A3: 3 | B3: Blizzard Entertainment
A4: 4 | B4: Valve
A5: 5 | B5: Re-Logic
A6: 6 | B6: Valve (digital)
A7: 7 | B7: CD Projekt
A8: 8 | B8: Electronic Arts
A9: 9 | B9: Devolver Digital
A10: 10 | B10: Atari, Inc. (Windows)
A11: 11 | B11: Sierra Entertainment
A12: 12 | B12: Facepunch Studios
... A96: 96 | B96: Blue Fang Games

Sheet Dev
A1: 1 | B1: PUBG Studios | J1: 1
A2: 2 | B2: Mojang Studios | J2: =_xlfn.XLOOKUP(K2, Pub!B:B, Pub!A:A) -> 0
A3: 3 | B3: Blizzard Entertainment
A4: 4 | B4: Facepunch Studios
A5: 5 | B5: Re-Logic
A6: 6 | B6: Valve
A7: 7 | B7: CD Projekt Red
A8: 8 | B8: Maxis
A9: 9 | B9: Mediatonic
A10: 10 | B10: Frontier Developments
A11: 11 | B11: Firaxis Games
A12: 12 | B12: SCS Software
A13: 13 | B13: ArenaNet
A14: 14 | B14: Iron Gate
... A109: 109 | B109: Microsoft

Sheet Sheet2
A1: 1 | B1: PUBG Studios | C1: 42 | E1: 43070 | F1: 1 | G1: Battle royale | H1: 1 | I1: PUBG Studios | J1: 1 | K1: Krafton
A2: 2 | B2: Mojang Studios | C2: 33 | D2: Minecraft | E2: 40848 | F2: 2 | G2: Sandbox, survival | H2: 2 | I2: Mojang Studios | J2: =_xlfn.XLOOKUP(K2, Pub!B:B, Pub!A:A) -> 2 | K2: Mojang Studios
A3: 3 | B3: Blizzard Entertainment | C3: 20 | D3: Diablo | E3: 41030 | F3: 3 | G3: Action role-playing | H3: 3 | I3: Blizzard Entertainment | J3: =_xlfn.XLOOKUP(K3, Pub!B:B, Pub!A:A) -> 3 | K3: Blizzard Entertainment
A4: 4 | B4: Facepunch Studios | C4: 20 | E4: 39022 | F4: 4 | G4: Sandbox | H4: 4 | I4: Facepunch Studios | J4: =_xlfn.XLOOKUP(K4, Pub!B:B, Pub!A:A) -> 4 | K4: Valve
A5: 5 | B5: Re-Logic | C5: 17.2 | E5: 40664 | F5: 5 | G5: Action-adventure | H5: 5 | I5: Re-Logic | J5: =_xlfn.XLOOKUP(K5, Pub!B:B, Pub!A:A) -> 5 | K5: Re-Logic
A6: 6 | B6: Valve | C6: 14 | D6: Warcraft | E6: 38292 | F6: 6 | G6: MMORPG | H6: 3 | I6: Blizzard Entertainment | J6: =_xlfn.XLOOKUP(K6, Pub!B:B, Pub!A:A) -> 3 | K6: Blizzard Entertainment
A7: 7 | B7: CD Projekt Red | C7: 12 | D7: Half-Life | E7: 38292 | F7: 7 | G7: First-person shooter | H7: 6 | I7: Valve | J7: =_xlfn.XLOOKUP(K7, Pub!B:B, Pub!A:A) -> 6 | K7: Valve (digital)
A8: 8 | B8: Maxis | C8: 12 | D8: The Witcher | E8: 42125 | F8: 3 | G8: Action role-playing | H8: 7 | I8: CD Projekt Red | J8: =_xlfn.XLOOKUP(K8, Pub!B:B, Pub!A:A) -> 7 | K8: CD Projekt
A9: 9 | B9: Mediatonic | C9: 11 | D9: StarCraft | E9: 35855 | F9: 8 | G9: Real-time strategy | H9: 3 | I9: Blizzard Entertainment | J9: =_xlfn.XLOOKUP(K9, Pub!B:B, Pub!A:A) -> 3 | K9: Blizzard Entertainment
A10: 10 | B10: Frontier Developments | C10: 11 | D10: The Sims | E10: 36557 | F10: 9 | G10: Life simulation | H10: 8 | I10: Maxis | J10: =_xlfn.XLOOKUP(K10, Pub!B:B, Pub!A:A) -> 8 | K10: Electronic Arts
A11: 11 | B11: Firaxis Games | C11: 10 | E11: 44044 | F11: 1 | G11: Battle royale | H11: 9 | I11: Mediatonic | J11: =_xlfn.XLOOKUP(K11, Pub!B:B, Pub!A:A) -> 9 | K11: Devolver Digital
A12: 12 | B12: SCS Software | C12: 10 | D12: RollerCoaster Tycoon | E12: 38261 | F12: 10 | G12: Construction and management simulation | H12: 10 | I12: Frontier Developments | J12: =_xlfn.XLOOKUP(K12, Pub!B:B, Pub!A:A) -> 10 | K12: Atari, Inc. (Windows)
A13: 13 | B13: ArenaNet | C13: 9 | D13: Half-Life | E13: 36100 | F13: 7 | G13: First-person shooter | H13: 6 | I13: Valve | J13: =_xlfn.XLOOKUP(K13, Pub!B:B, Pub!A:A) -> 11 | K13: Sierra Entertainment
A14: 14 | B14: Iron Gate | C14: 9 | E14: 43132 | F14: 11 | G14: Survival | H14: 4 | I14: Facepunch Studios | J14: =_xlfn.XLOOKUP(K14, Pub!B:B, Pub!A:A) -> 12 | K14: Facepunch Studios
A15: 15 | B15: Bohemia Interactive | C15: 8 | D15: Civilization | E15: 40422 | F15: 12 | G15: Turn-based strategy, 4X | H15: 11 | I15: Firaxis Games | J15: =_xlfn.XLOOKUP(K15, Pub!B:B, Pub!A:A) -> 13 | K15: 2K Games & Aspyr
A16: 16 | B16: System 3 | C16: 7 | D16: The Sims | E16: 39965 | F16: 9 | G16: Life simulation | H16: 8 | I16: Maxis | J16: =_xlfn.XLOOKUP(K16, Pub!B:B, Pub!A:A) -> 8 | K16: Electronic Arts
A17: 17 | B17: Colossal Order | C17: 6.5 | D17: Truck Simulator | E17: 41183 | F17: 13 | G17: Vehicle simulation | H17: 12 | I17: SCS Software | J17: =_xlfn.XLOOKUP(K17, Pub!B:B, Pub!A:A) -> 14 | K17: SCS Software
A18: 18 | B18: Endnight Games | C18: 6 | D18: Guild Wars | E18: 38443 | F18: 6 | G18: MMORPG | H18: 13 | I18: ArenaNet | J18: =_xlfn.XLOOKUP(K18, Pub!B:B, Pub!A:A) -> 15 | K18: NCsoft
A19: 19 | B19: Blizzard North | C19: 6 | D19: StarCraft | E19: 40360 | F19: 8 | G19: Real-time strategy | H19: 3 | I19: Blizzard Entertainment | J19: =_xlfn.XLOOKUP(K19, Pub!B:B, Pub!A:A) -> 3 | K19: Blizzard Entertainment
A20: 20 | B20: Bullfrog Productions | C20: 6 | D20: The Sims | E20: 38231 | F20: 9 | G20: Life simulation | H20: 8 | I20: Maxis | J20: =_xlfn.XLOOKUP(K20, Pub!B:B, Pub!A:A) -> 8 | K20: Electronic Arts
A21: 21 | B21: Chris Sawyer | C21: 6 | E21: 44228 | F21: 11 | G21: Survival | H21: 14 | I21: Iron Gate | J21: =_xlfn.XLOOKUP(K21, Pub!B:B, Pub!A:A) -> 16 | K21: Coffee Stain Publishing
A22: 22 | B22: Relic Entertainment | C22: 5.5 | D22: ARMA | E22: 41518 | F22: 14 | G22: Tactical shooter | H22: 15 | I22: Bohemia Interactive | J22: =_xlfn.XLOOKUP(K22, Pub!B:B, Pub!A:A) -> 17 | K22: Bohemia Interactive
A23: 23 | B23: Broderbund | C23: 5.5 | D23: The Last Ninja | E23: 32356 | F23: 5 | G23: Action-adventure | H23: 16 | I23: System 3 | J23: =_xlfn.XLOOKUP(K23, Pub!B:B, Pub!A:A) -> 18 | K23: Activision
A24: 24 | B24: FromSoftware | C24: 5 | E24: 42064 | F24: 15 | G24: City-building | H24: 17 | I24: Colossal Order | J24: =_xlfn.XLOOKUP(K24, Pub!B:B, Pub!A:A) -> 19 | K24: Paradox Interactive
A25: 25 | B25: Ensemble Studios | C25: 5 | D25: Guild Wars | E25: 41122 | F25: 6 | G25: MMORPG | H25: 13 | I25: ArenaNet | J25: =_xlfn.XLOOKUP(K25, Pub!B:B, Pub!A:A) -> 15 | K25: NCsoft
A26: 26 | B26: Westwood Studios | C26: 5 | D26: SimCity | E26: 36161 | F26: 15 | G26: City-building | H26: 8 | I26: Maxis | J26: =_xlfn.XLOOKUP(K26, Pub!B:B, Pub!A:A) -> 8 | K26: Electronic Arts
A27: 27 | B27: Crytek | C27: 5 | E27: 43191 | F27: 11 | G27: Survival | H27: 18 | I27: Endnight Games | J27: =_xlfn.XLOOKUP(K27, Pub!B:B, Pub!A:A) -> 20 | K27: Endnight Games
A28: 28 | B28: Verant Interactive | C28: 4.5 | E28: 44166 | F28: 3 | G28: Action role-playing | H28: 7 | I28: CD Projekt Red | J28: =_xlfn.XLOOKUP(K28, Pub!B:B, Pub!A:A) -> 7 | K28: CD Projekt
A29: 29 | B29: Dontnod Entertainment | C29: 4 | E29: 41609 | F29: 11 | G29: Survival | H29: 15 | I29: Bohemia Interactive | J29: =_xlfn.XLOOKUP(K29, Pub!B:B, Pub!A:A) -> 17 | K29: Bohemia Interactive
A30: 30 | B30: Impressions Game | C30: 4 | D30: Diablo | E30: 36678 | F30: 3 | G30: Action role-playing | H30: 19 | I30: Blizzard North | J30: =_xlfn.XLOOKUP(K30, Pub!B:B, Pub!A:A) -> 3 | K30: Blizzard Entertainment
A31: 31 | B31: Wube Software | C31: 4 | D31: Populous | E31: 32660 | F31: 16 | G31: God game | H31: 20 | I31: Bullfrog Productions | J31: =_xlfn.XLOOKUP(K31, Pub!B:B, Pub!A:A) -> 8 | K31: Electronic Arts
A32: 32 | B32: Cyan | C32: 4 | D32: RollerCoaster Tycoon | E32: 36220 | F32: 10 | G32: Construction and management simulation | H32: 21 | I32: Chris Sawyer | J32: =_xlfn.XLOOKUP(K32, Pub!B:B, Pub!A:A) -> 21 | K32: MicroProse Software
A33: 33 | B33: Square | C33: 4 | D33: The Last Ninja | E33: 38504 | F33: 5 | G33: Action-adventure | H33: 16 | I33: System 3 | J33: =_xlfn.XLOOKUP(K33, Pub!B:B, Pub!A:A) -> 18 | K33: Activision
A34: 34 | B34: The Fun Pimps | C34: 4 | D34: Warhammer | E34: 38231 | F34: 8 | G34: Real-time strategy | H34: 22 | I34: Relic Entertainment | J34: =_xlfn.XLOOKUP(K34, Pub!B:B, Pub!A:A) -> 22 | K34: THQ
A35: 35 | B35: Max Design | C35: 4 | D35: Carmen Sandiego | E35: 31199 | F35: 17 | G35: Educational | H35: 23 | I35: Broderbund | J35: =_xlfn.XLOOKUP(K35, Pub!B:B, Pub!A:A) -> 23 | K35: Broderbund
A36: 36 | B36: BioWare | C36: 3.6 | D36: Dark Souls | E36: 41122 | F36: 3 | G36: Action role-playing | H36: 24 | I36: FromSoftware | J36: =_xlfn.XLOOKUP(K36, Pub!B:B, Pub!A:A) -> 24 | K36: Namco Bandai Games
A37: 37 | B37: EA DICE | C37: 3.3 | D37: Dark Souls | E37: 42461 | F37: 3 | G37: Action role-playing | H37: 24 | I37: FromSoftware | J37: =_xlfn.XLOOKUP(K37, Pub!B:B, Pub!A:A) -> 25 | K37: Bandai Namco Entertainment
A38: 38 | B38: Lionhead Studios | C38: 3 | D38: Age of Empires | E38: 35704 | F38: 8 | G38: Real-time strategy | H38: 25 | I38: Ensemble Studios | J38: =_xlfn.XLOOKUP(K38, Pub!B:B, Pub!A:A) -> 26 | K38: Microsoft
A39: 39 | B39: GSC Game World | C39: 3 | D39: Civilization | E39: 38626 | F39: 12 | G39: Turn-based strategy, 4X | H39: 11 | I39: Firaxis Games | J39: =_xlfn.XLOOKUP(K39, Pub!B:B, Pub!A:A) -> 13 | K39: 2K Games & Aspyr
A40: 40 | B40: id Software | C40: 3 | D40: Command & Conquer | E40: 34912 | F40: 8 | G40: Real-time strategy | H40: 26 | I40: Westwood Studios | J40: =_xlfn.XLOOKUP(K40, Pub!B:B, Pub!A:A) -> 27 | K40: Virgin Interactive
A41: 41 | B41: Rockstar North | C41: 3 | D41: Command & Conquer | E41: 35339 | F41: 8 | G41: Real-time strategy | H41: 26 | I41: Westwood Studios | J41: =_xlfn.XLOOKUP(K41, Pub!B:B, Pub!A:A) -> 27 | K41: Virgin Interactive
... A49: 49 | B49: Edmund McMillen & Florian Himsl | C49: 2.5 | D49: Caesar | E49: 36281 | F49: 19 | G49: City-building game | H49: 30 | I49: Impressions Game | J49: =_xlfn.XLOOKUP(K49, Pub!B:B, Pub!A:A) -> 33 | K49: Sierra Studios
A50: 50 | B50: Kojima Productions | C50: 2.5 | E50: 42401 | F50: 10 | G50: Construction and management simulation | H50: 31 | I50: Wube Software | J50: =_xlfn.XLOOKUP(K50, Pub!B:B, Pub!A:A) -> 34 | K50: Wube Software
A51: 51 | B51: Sega | C51: 2.5 | D51: Lord of the Realm | E51: 35339 | F51: 20 | G51: Turn-based strategy | H51: 30 | I51: Impressions Game | J51: =_xlfn.XLOOKUP(K51, Pub!B:B, Pub!A:A) -> 35 | K51: Impressions Game
A52: 52 | B52: Paradox Development Studio | C52: 2.5 | D52: Myst | E52: 34213 | F52: 21 | G52: Adventure, puzzle | H52: 32 | I52: Cyan | J52: =_xlfn.XLOOKUP(K52, Pub!B:B, Pub!A:A) -> 36 | K52: Brøderbund
A53: 53 | B53: Capcom | C53: 2.1 | D53: Final Fantasy | E53: 35947 | F53: 22 | G53: Role-playing game | H53: 33 | I53: Square | J53: =_xlfn.XLOOKUP(K53, Pub!B:B, Pub!A:A) -> 37 | K53: Eidos Interactive
A54: 54 | B54: Coffee Stain Studios | C54: 2 | D54: 7 Days | E54: 42522 | F54: 23 | G54: Survival horror | H54: 34 | I54: The Fun Pimps | J54: =_xlfn.XLOOKUP(K54, Pub!B:B, Pub!A:A) -> 38 | K54: The Fun Pimps
A55: 55 | B55: PlatinumGames | C55: 2 | D55: Age of Empires | E55: 36404 | F55: 8 | G55: Real-time strategy | H55: 25 | I55: Ensemble Studios | J55: =_xlfn.XLOOKUP(K55, Pub!B:B, Pub!A:A) -> 26 | K55: Microsoft
A56: 56 | B56: Warhorse Studios | C56: 2 | D56: Age of Empires | E56: 38626 | F56: 8 | G56: Real-time strategy | H56: 25 | I56: Ensemble Studios | J56: =_xlfn.XLOOKUP(K56, Pub!B:B, Pub!A:A) -> 26 | K56: Microsoft
A57: 57 | B57: Namco Bandai Games | C57: 2 | D57: Anno | E57: 37681 | F57: 15 | G57: City-building | H57: 35 | I57: Max Design | J57: =_xlfn.XLOOKUP(K57, Pub!B:B, Pub!A:A) -> 39 | K57: Sunflowers
A58: 58 | B58: Rogue Entertainment | C58: 2 | D58: Anno | E58: 36039 | F58: 15 | G58: City-building | H58: 35 | I58: Max Design | J58: =_xlfn.XLOOKUP(K58, Pub!B:B, Pub!A:A) -> 39 | K58: Sunflowers
A59: 59 | B59: Studio Wildcard | C59: 2 | D59: Baldur's Gate | E59: 36130 | F59: 22 | G59: Role-playing game | H59: 36 | I59: BioWare | J59: =_xlfn.XLOOKUP(K59, Pub!B:B, Pub!A:A) -> 40 | K59: Interplay Entertainment
A60: 60 | B60: Irrational Games | C60: 2 | D60: Baldur's Gate | E60: 36770 | F60: 24 | G60: Computer role-playing game | H60: 36 | I60: BioWare | J60: =_xlfn.XLOOKUP(K60, Pub!B:B, Pub!A:A) -> 40 | K60: Interplay Entertainment
A61: 61 | B61: MicroProse | C61: 2 | D61: Battlefield | E61: 37500 | F61: 7 | G61: First-person shooter | H61: 37 | I61: EA DICE | J61: =_xlfn.XLOOKUP(K61, Pub!B:B, Pub!A:A) -> 8 | K61: Electronic Arts
A62: 62 | B62: EA Los Angeles | C62: 2 | D62: Black & White | E62: 36951 | F62: 16 | G62: God game | H62: 38 | I62: Lionhead Studios | J62: =_xlfn.XLOOKUP(K62, Pub!B:B, Pub!A:A) -> 41 | K62: EA Games
... A72: 72 | B72: Heuristic Park | C72: 2 | D72: Mafia | E72: 37469 | F72: 25 | G72: Third-person shooter | H72: 42 | I72: Illusion Softworks | J72: =_xlfn.XLOOKUP(K72, Pub!B:B, Pub!A:A) -> 49 | K72: Gathering of Developers
A73: 73 | B73: Gas Powered Games | C73: 2 | E73: 40544 | F73: 5 | G73: Action-adventure | H73: 43 | I73: Arrowhead Game Studios | J73: =_xlfn.XLOOKUP(K73, Pub!B:B, Pub!A:A) -> 19 | K73: Paradox Interactive
A74: 74 | B74: Stainless Steel Studios | C74: 2 | D74: Neverwinter Nights | E74: 37408 | F74: 22 | G74: Role-playing game | H74: 36 | I74: BioWare | J74: =_xlfn.XLOOKUP(K74, Pub!B:B, Pub!A:A) -> 50 | K74: Infogrames / Atari
A75: 75 | B75: SCE Cambridge Studio | C75: 2 | E75: 42675 | F75: 10 | G75: Construction and management simulation | H75: 10 | I75: Frontier Developments | J75: =_xlfn.XLOOKUP(K75, Pub!B:B, Pub!A:A) -> 51 | K75: Frontier Developments
A76: 76 | B76: LucasArts | C76: 2 | D76: POD | E76: 35462 | F76: 26 | G76: Racing game | H76: 44 | I76: Ubisoft | J76: =_xlfn.XLOOKUP(K76, Pub!B:B, Pub!A:A) -> 47 | K76: Ubisoft
A77: 77 | B77: Haemimont Games | C77: 2 | D77: SimCity | E77: 41334 | F77: 15 | G77: City-building | H77: 45 | I77: Electronic Arts | J77: =_xlfn.XLOOKUP(K77, Pub!B:B, Pub!A:A) -> 8 | K77: Electronic Arts
A78: 78 | B78: KnowWonder | C78: 2 | D78: SimCity | E78: 37622 | F78: 15 | G78: City-building | H78: 8 | I78: Maxis | J78: =_xlfn.XLOOKUP(K78, Pub!B:B, Pub!A:A) -> 52 | K78: Electronic Arts (Windows)
A79: 79 | B79: Team Cherry | C79: 2 | E79: 41548 | F79: 27 | G79: Simulation | H79: 46 | I79: Keen Software House | J79: =_xlfn.XLOOKUP(K79, Pub!B:B, Pub!A:A) -> 53 | K79: Keen Software House
A80: 80 | B80: Enlight Software | C80: 2 | D80: Spore | E80: 39692 | F80: 16 | G80: God game | H80: 8 | I80: Maxis | J80: =_xlfn.XLOOKUP(K80, Pub!B:B, Pub!A:A) -> 8 | K80: Electronic Arts
A81: 81 | B81: Technology and Entertainment Software | C81: 2 | E81: 42979 | F81: 28 | G81: Fighting | H81: 47 | I81: Landfall Games | J81: =_xlfn.XLOOKUP(K81, Pub!B:B, Pub!A:A) -> 54 | K81: Landfall Games
A82: 82 | B82: Daybreak Game Company | C82: 2 | D82: Stronghold | E82: 37438 | F82: 8 | G82: Real-time strategy | H82: 48 | I82: Firefly Studios | J82: =_xlfn.XLOOKUP(K82, Pub!B:B, Pub!A:A) -> 55 | K82: Take-Two Interactive / Gathering of Developers
A83: 83 | B83: Tripwire Interactive | C83: 2 | E83: 40787 | F83: 29 | G83: Action-adventure, roguelike | H83: 49 | I83: Edmund McMillen & Florian Himsl | J83: =_xlfn.XLOOKUP(K83, Pub!B:B, Pub!A:A) -> 56 | K83: Headup Games
A84: 84 | B84: Amanita Design | C84: 2 | D84: The Witcher | E84: 39356 | F84: 3 | G84: Action role-playing | H84: 7 | I84: CD Projekt Red | J84: =_xlfn.XLOOKUP(K84, Pub!B:B, Pub!A:A) -> 57 | K84: Atari, Inc
A85: 85 | B85: Microsoft Game Studios | C85: 2 | D85: The Witcher | E85: 40664 | F85: 3 | G85: Action role-playing | H85: 7 | I85: CD Projekt Red | J85: =_xlfn.XLOOKUP(K85, Pub!B:B, Pub!A:A) -> 7 | K85: CD Projekt
A86: 86 | B86: Triternion | C86: 2 | D86: Warcraft | E86: 35034 | F86: 8 | G86: Real-time strategy | H86: 3 | I86: Blizzard Entertainment | J86: =_xlfn.XLOOKUP(K86, Pub!B:B, Pub!A:A) -> 3 | K86: Blizzard Entertainment
A87: 87 | B87: Bohemia Interactive Studio | C87: 1.8 | D87: Metal Gear Solid | E87: 42248 | F87: 30 | G87: Action-adventure, stealth | H87: 50 | I87: Kojima Productions | J87: =_xlfn.XLOOKUP(K87, Pub!B:B, Pub!A:A) -> 58 | K87: Konami
A88: 88 | B88: Ascaron | C88: 1.5 | D88: Trucks Simulator | E88: 41183 | F88: 13 | G88: Vehicle simulation | H88: 12 | I88: SCS Software | J88: =_xlfn.XLOOKUP(K88, Pub!B:B, Pub!A:A) -> 14 | K88: SCS Software
A89: 89 | B89: Introversion Software | C89: 1.5 | D89: International Karate | E89: 31352 | F89: 28 | G89: Fighting | H89: 16 | I89: System 3 | J89: =_xlfn.XLOOKUP(K89, Pub!B:B, Pub!A:A) -> 59 | K89: Epyx
A90: 90 | B90: Double Fine Productions | C90: 1.5 | D90: Sega Mega Drive and Genesis Classics | E90: 40330 | F90: 31 | G90: Compilation | H90: 51 | I90: Sega | J90: =_xlfn.XLOOKUP(K90, Pub!B:B, Pub!A:A) -> 60 | K90: Sega
A91: 91 | B91: PopTop Software | C91: 1.5 | E91: 42491 | F91: 32 | G91: RTS, 4X, Grand Strategy | H91: 52 | I91: Paradox Development Studio | J91: =_xlfn.XLOOKUP(K91, Pub!B:B, Pub!A:A) -> 19 | K91: Paradox Interactive
A92: 92 | B92: Gray Matter Interactive | C92: 1.3 | D92: Resident Evil | E92: 41334 | F92: 33 | G92: Third-person shooter, survival horror | H92: 53 | I92: Capcom | J92: =_xlfn.XLOOKUP(K92, Pub!B:B, Pub!A:A) -> 61 | K92: Capcom
A93: 93 | B93: Infocom | C93: 1.3 | E93: 43525 | F93: 10 | G93: Construction and management simulation | H93: 54 | I93: Coffee Stain Studios | J93: =_xlfn.XLOOKUP(K93, Pub!B:B, Pub!A:A) -> 16 | K93: Coffee Stain Publishing
A94: 94 | B94: Data East | C94: 1.3 | D94: Street Fighter | E94: 39995 | F94: 28 | G94: Fighting | H94: 53 | I94: Capcom | J94: =_xlfn.XLOOKUP(K94, Pub!B:B, Pub!A:A) -> 61 | K94: Capcom
A95: 95 | B95: The Creative Assembly | C95: 1.2 | D95: Nier | E95: 42795 | F95: 34 | G95: Action role-playing, hack and slash | H95: 55 | I95: PlatinumGames | J95: =_xlfn.XLOOKUP(K95, Pub!B:B, Pub!A:A) -> 29 | K95: Square Enix
A96: 96 | B96: Péndulo Studios, S.L. | C96: 1.2 | D96: Resident Evil | E96: 41671 | F96: 33 | G96: Third-person shooter, survival horror | H96: 53 | I96: Capcom | J96: =_xlfn.XLOOKUP(K96, Pub!B:B, Pub!A:A) -> 61 | K96: Capcom
A97: 97 | B97: Sony Online Entertainment | C97: 1.1 | E97: 43132 | F97: 35 | G97: Action role-playing game | H97: 56 | I97: Warhorse Studios | J97: =_xlfn.XLOOKUP(K97, Pub!B:B, Pub!A:A) -> 62 | K97: Warhorse Studios
A98: 98 | B98: ConcernedApe | C98: 1.1 | D98: Pac-Man | E98: 41518 | F98: 36 | G98: Maze, arcade | H98: 57 | I98: Namco Bandai Games | J98: =_xlfn.XLOOKUP(K98, Pub!B:B, Pub!A:A) -> 24 | K98: Namco Bandai Games
A99: 99 | B99: Spectrum HoloByte | C99: 1 | D99: Age of Empires | E99: 37530 | F99: 8 | G99: Real-time strategy | H99: 25 | I99: Ensemble Studios | J99: =_xlfn.XLOOKUP(K99, Pub!B:B, Pub!A:A) -> 26 | K99: Microsoft
A100: 100 | B100: Softstar Entertainment | C100: 1 | D100: Alice | E100: 36800 | F100: 37 | G100: Action-adventure, platformer | H100: 58 | I100: Rogue Entertainment | J100: =_xlfn.XLOOKUP(K100, Pub!B:B, Pub!A:A) -> 8 | K100: Electronic Arts
A101: 101 | B101: Softstar | C101: 1 | D101: Ark: Survival Evolved | E101: 42156 | F101: 38 | G101: Action-adventure, Survival | H101: 59 | I101: Studio Wildcard | J101: =_xlfn.XLOOKUP(K101, Pub!B:B, Pub!A:A) -> 63 | K101: Studio Wildcard
A102: 102 | B102: Galactic Cafe | C102: 1 | D102: Battlefield | E102: 38047 | F102: 7 | G102: First-person shooter | H102: 37 | I102: EA DICE | J102: =_xlfn.XLOOKUP(K102, Pub!B:B, Pub!A:A) -> 8 | K102: Electronic Arts
A103: 103 | B103: Cavedog Entertainment | C103: 1 | D103: BioShock | E103: 39295 | F103: 7 | G103: First-person shooter | H103: 60 | I103: Irrational Games | J103: =_xlfn.XLOOKUP(K103, Pub!B:B, Pub!A:A) -> 64 | K103: 2K Games
A104: 104 | B104: Epic Games | C104: 1 | E104: 35735 | F104: 39 | G104: Point-and-click | H104: 26 | I104: Westwood Studios | J104: =_xlfn.XLOOKUP(K104, Pub!B:B, Pub!A:A) -> 27 | K104: Virgin Interactive
A105: 105 | B105: Pterodon | C105: 1 | D105: Civilization | E105: 35096 | F105: 12 | G105: Turn-based strategy, 4X | H105: 61 | I105: MicroProse | J105: =_xlfn.XLOOKUP(K105, Pub!B:B, Pub!A:A) -> 65 | K105: MicroProse
A106: 106 | B106: Mythic Entertainment | C106: 1 | D106: Command & Conquer | E106: 39142 | F106: 8 | G106: Real-time strategy | H106: 62 | I106: EA Los Angeles | J106: =_xlfn.XLOOKUP(K106, Pub!B:B, Pub!A:A) -> 8 | K106: Electronic Arts
A107: 107 | B107: Jellyvision | C107: 1 | D107: Command & Conquer | E107: 36800 | F107: 8 | G107: Real-time strategy | H107: 63 | I107: Westwood Pacific | J107: =_xlfn.XLOOKUP(K107, Pub!B:B, Pub!A:A) -> 8 | K107: Electronic Arts
A108: 108 | B108: Origin Systems | C108: 1 | D108: Command & Conquer | E108: 36373 | F108: 8 | G108: Real-time strategy | H108: 26 | I108: Westwood Studios | J108: =_xlfn.XLOOKUP(K108, Pub!B:B, Pub!A:A) -> 8 | K108: Electronic Arts
A109: 109 | B109: Microsoft | C109: 1 | D109: Commandos | E109: 35947 | F109: 40 | G109: Real-time tactics | H109: 64 | I109: Pyro Studios | J109: =_xlfn.XLOOKUP(K109, Pub!B:B, Pub!A:A) -> 37 | K109: Eidos Interactive
A110: 110 | B110: Crusader Kings II | C110: 1 | D110: Crusader Kings | E110: 40940 | F110: 41 | G110: Grand strategy | H110: 52 | I110: Paradox Development Studio | J110: =_xlfn.XLOOKUP(K110, Pub!B:B, Pub!A:A) -> 19 | K110: Paradox Interactive
A111: 111 | B111: Crusader Kings III | C111: 1 | D111: Crusader Kings | E111: 44075 | F111: 41 | G111: Grand strategy | H111: 52 | I111: Paradox Development Studio | J111: =_xlfn.XLOOKUP(K111, Pub!B:B, Pub!A:A) -> 19 | K111: Paradox Interactive
A112: 112 | B112: Crysis Warhead | C112: 1 | D112: Crysis | E112: 39692 | F112: 7 | G112: First-person shooter | H112: 65 | I112: Crytek Budapest | J112: =_xlfn.XLOOKUP(K112, Pub!B:B, Pub!A:A) -> 8 | K112: Electronic Arts
A113: 113 | B113: Cuphead | C113: 1 | E113: 42979 | F113: 42 | G113: Run and gun | H113: 66 | I113: StudioMDHR | J113: =_xlfn.XLOOKUP(K113, Pub!B:B, Pub!A:A) -> 66 | K113: StudioMDHR
A114: 114 | B114: Danganronpa 2: Goodbye Despair | C114: 1 | D114: Danganronpa | E114: 42461 | F114: 43 | G114: Visual novel, adventure | H114: 67 | I114: Spike Chunsoft | J114: =_xlfn.XLOOKUP(K114, Pub!B:B, Pub!A:A) -> 67 | K114: Spike Chunsoft
A115: 115 | B115: Danganronpa: Trigger Happy Havoc | C115: 1 | D115: Danganronpa | E115: 42401 | F115: 43 | G115: Visual novel, adventure | H115: 67 | I115: Spike Chunsoft | J115: =_xlfn.XLOOKUP(K115, Pub!B:B, Pub!A:A) -> 67 | K115: Spike Chunsoft
A116: 116 | B116: Daryl F. Gates' Police Quest: SWAT | C116: 1 | D116: Police Quest | E116: 34943 | F116: 44 | G116: Interactive movie | H116: 68 | I116: Sierra Online | J116: =_xlfn.XLOOKUP(K116, Pub!B:B, Pub!A:A) -> 68 | K116: Sierra Online
...

Sheet Video game dataset
A1: Name | B1: Genre | C1: Release | D1: Sales
A2: PlayerUnknown's Battlegrounds | B2: Battle royale | C2: 43070 | D2: 42
A3: Minecraft | B3: Sandbox, survival | C3: 40848 | D3: 33
A4: Diablo III | B4: Action role-playing | C4: 41030 | D4: 20
A5: Garry's Mod | B5: Sandbox | C5: 39022 | D5: 20
A6: Terraria | B6: Action-adventure | C6: 40664 | D6: 17.2
A7: World of Warcraft | B7: MMORPG | C7: 38292 | D7: 14
A8: Half-Life 2 | B8: First-person shooter | C8: 38292 | D8: 12
A9: The Witcher 3: Wild Hunt | B9: Action role-playing | C9: 42125 | D9: 12
A10: StarCraft | B10: Real-time strategy | C10: 35855 | D10: 11
A11: The Sims | B11: Life simulation | C11: 36557 | D11: 11
A12: Fall Guys | B12: Battle royale | C12: 44044 | D12: 10
A13: RollerCoaster Tycoon 3 | B13: Construction and management simulation | C13: 38261 | D13: 10
... A176: Zoo Tycoon | B176: Business simulation | C176: 37165 | D176: 1

Sheet Video game Series dataset
A1: Name | B1: Series
A2: PlayerUnknown's Battlegrounds
A3: Minecraft | B3: Minecraft
A4: Diablo III | B4: Diablo
A5: Garry's Mod
A6: Terraria
A7: World of Warcraft | B7: Warcraft
A8: Half-Life 2 | B8: Half-Life
A9: The Witcher 3: Wild Hunt | B9: The Witcher
A10: StarCraft | B10: StarCraft
A11: The Sims | B11: The Sims
A12: Fall Guys
A13: RollerCoaster Tycoon 3 | B13: RollerCoaster Tycoon
A14: Half-Life | B14: Half-Life
A15: Rust
A16: Civilization V | B16: Civilization
A17: The Sims 3 | B17: The Sims
A18: Euro Truck Simulator 2 | B18: Truck Simulator
A19: Guild Wars | B19: Guild Wars
A20: StarCraft II: Wings of Liberty | B20: StarCraft
A21: The Sims 2 | B21: The Sims
A22: Valheim
A23: ARMA 3 | B23: ARMA
A24: Last Ninja 2 | B24: The Last Ninja
A25: Cities: Skylines
A26: Guild Wars 2 | B26: Guild Wars
A27: SimCity 3000 | B27: SimCity
A28: The Forest
A29: Cyberpunk 2077
A30: DayZ
A31: Diablo II | B31: Diablo
A32: Populous | B32: Populous
A33: RollerCoaster Tycoon | B33: RollerCoaster Tycoon
A34: The Last Ninja | B34: The Last Ninja
A35: Warhammer 40,000: Dawn of War (including expansions) | B35: Warhammer
A36: Where in the World Is Carmen Sandiego? | B36: Carmen Sandiego
A37: Dark Souls | B37: Dark Souls
A38: Dark Souls III | B38: Dark Souls
A39: Age of Empires | B39: Age of Empires
A40: Civilization IV | B40: Civilization
A41: Command & Conquer | B41: Command & Conquer
A42: Command & Conquer: Red Alert | B42: Command & Conquer
... A50: Caesar III | B50: Caesar
A51: Factorio
A52: Lords of the Realm II | B52: Lord of the Realm
A53: Myst | B53: Myst
A54: Final Fantasy VII | B54: Final Fantasy
A55: 7 Days to Die | B55: 7 Days
A56: Age of Empires II: The Age of Kings | B56: Age of Empires
A57: Age of Empires III | B57: Age of Empires
A58: Anno 1503 | B58: Anno
A59: Anno 1602 | B59: Anno
A60: Baldur's Gate | B60: Baldur's Gate
A61: Baldur's Gate II: Shadows of Amn | B61: Baldur's Gate
A62: Battlefield 1942 | B62: Battlefield
A63: Black & White | B63: Black & White
... A73: Mafia: The City of Lost Heaven | B73: Mafia
A74: Magicka
A75: Neverwinter Nights | B75: Neverwinter Nights
A76: Planet Coaster
A77: POD | B77: POD
A78: SimCity | B78: SimCity
A79: SimCity 4 | B79: SimCity
A80: Space Engineers
A81: Spore | B81: Spore
A82: Stickfight: The Game
A83: Stronghold: Crusader | B83: Stronghold
A84: The Binding of Isaac
A85: The Witcher | B85: The Witcher
A86: The Witcher 2: Assassins of Kings | B86: The Witcher
A87: Warcraft II: Tides of Darkness | B87: Warcraft
A88: Metal Gear Solid V: The Phantom Pain | B88: Metal Gear Solid
A89: American Truck Simulator | B89: Trucks Simulator
A90: International Karate | B90: International Karate
A91: Sega Mega Drive and Genesis Classics | B91: Sega Mega Drive and Genesis Classics
A92: Stellaris
A93: Resident Evil 6 | B93: Resident Evil
A94: Satisfactory
A95: Ultra Street Fighter IV | B95: Street Fighter
A96: Nier: Automata | B96: Nier
A97: Resident Evil 4: Ultimate HD Edition | B97: Resident Evil
A98: Kingdom Come: Deliverance
A99: Pac-Man Championship Edition DX+ | B99: Pac-Man
A100: Age of Mythology | B100: Age of Empires
A101: American McGee's Alice | B101: Alice
A102: Ark: Survival Evolved | B102: Ark: Survival Evolved
A103: Battlefield Vietnam | B103: Battlefield
A104: BioShock | B104: BioShock
A105: Blade Runner
A106: Civilization II | B106: Civilization
A107: Command & Conquer 3: Tiberium Wars | B107: Command & Conquer
A108: Command & Conquer: Red Alert 2 | B108: Command & Conquer
A109: Command & Conquer: Tiberian Sun | B109: Command & Conquer
A110: Commandos: Behind Enemy Lines | B110: Commandos
A111: Crusader Kings II | B111: Crusader Kings
A112: Crusader Kings III | B112: Crusader Kings
A113: Crysis Warhead | B113: Crysis
A114: Cuphead
A115: Danganronpa 2: Goodbye Despair | B115: Danganronpa
A116: Danganronpa: Trigger Happy Havoc | B116: Danganronpa
...

Sheet Developer dataset
A1: Developer | B1: Name | C1: Series
A2: PUBG Studios | B2: PlayerUnknown's Battlegrounds
A3: Mojang Studios | B3: Minecraft | C3: Minecraft
A4: Blizzard Entertainment | B4: Diablo III | C4: Diablo
A5: Facepunch Studios | B5: Garry's Mod
A6: Re-Logic | B6: Terraria
A7: Blizzard Entertainment | B7: World of Warcraft | C7: Warcraft
A8: Valve | B8: Half-Life 2 | C8: Half-Life
A9: CD Projekt Red | B9: The Witcher 3: Wild Hunt | C9: The Witcher
A10: Blizzard Entertainment | B10: StarCraft | C10: StarCraft
A11: Maxis | B11: The Sims | C11: The Sims
A12: Mediatonic | B12: Fall Guys
A13: Frontier Developments | B13: RollerCoaster Tycoon 3 | C13: RollerCoaster Tycoon
A14: Valve | B14: Half-Life | C14: Half-Life
A15: Facepunch Studios | B15: Rust
A16: Firaxis Games | B16: Civilization V | C16: Civilization
A17: Maxis | B17: The Sims 3 | C17: The Sims
A18: SCS Software | B18: Euro Truck Simulator 2 | C18: Truck Simulator
A19: ArenaNet | B19: Guild Wars | C19: Guild Wars
A20: Blizzard Entertainment | B20: StarCraft II: Wings of Liberty | C20: StarCraft
A21: Maxis | B21: The Sims 2 | C21: The Sims
A22: Iron Gate | B22: Valheim
A23: Bohemia Interactive | B23: ARMA 3 | C23: ARMA
A24: System 3 | B24: Last Ninja 2 | C24: The Last Ninja
A25: Colossal Order | B25: Cities: Skylines
A26: ArenaNet | B26: Guild Wars 2 | C26: Guild Wars
A27: Maxis | B27: SimCity 3000 | C27: SimCity
A28: Endnight Games | B28: The Forest
A29: CD Projekt Red | B29: Cyberpunk 2077
A30: Bohemia Interactive | B30: DayZ
A31: Blizzard North | B31: Diablo II | C31: Diablo
A32: Bullfrog Productions | B32: Populous | C32: Populous
A33: Chris Sawyer | B33: RollerCoaster Tycoon | C33: RollerCoaster Tycoon
A34: System 3 | B34: The Last Ninja | C34: The Last Ninja
A35: Relic Entertainment | B35: Warhammer 40,000: Dawn of War (including expansions) | C35: Warhammer
A36: Broderbund | B36: Where in the World Is Carmen Sandiego? | C36: Carmen Sandiego
A37: FromSoftware | B37: Dark Souls | C37: Dark Souls
A38: FromSoftware | B38: Dark Souls III | C38: Dark Souls
A39: Ensemble Studios | B39: Age of Empires | C39: Age of Empires
A40: Firaxis Games | B40: Civilization IV | C40: Civilization
A41: Westwood Studios | B41: Command & Conquer | C41: Command & Conquer
A42: Westwood Studios | B42: Command & Conquer: Red Alert | C42: Command & Conquer
... A50: Impressions Game | B50: Caesar III | C50: Caesar
A51: Wube Software | B51: Factorio
A52: Impressions Game | B52: Lords of the Realm II | C52: Lord of the Realm
A53: Cyan | B53: Myst | C53: Myst
A54: Square | B54: Final Fantasy VII | C54: Final Fantasy
A55: The Fun Pimps | B55: 7 Days to Die | C55: 7 Days
A56: Ensemble Studios | B56: Age of Empires II: The Age of Kings | C56: Age of Empires
A57: Ensemble Studios | B57: Age of Empires III | C57: Age of Empires
A58: Max Design | B58: Anno 1503 | C58: Anno
A59: Max Design | B59: Anno 1602 | C59: Anno
A60: BioWare | B60: Baldur's Gate | C60: Baldur's Gate
A61: BioWare | B61: Baldur's Gate II: Shadows of Amn | C61: Baldur's Gate
A62: EA DICE | B62: Battlefield 1942 | C62: Battlefield
A63: Lionhead Studios | B63: Black & White | C63: Black & White
... A73: Illusion Softworks | B73: Mafia: The City of Lost Heaven | C73: Mafia
A74: Arrowhead Game Studios | B74: Magicka
A75: BioWare | B75: Neverwinter Nights | C75: Neverwinter Nights
A76: Frontier Developments | B76: Planet Coaster
A77: Ubisoft | B77: POD | C77: POD
A78: Electronic Arts | B78: SimCity | C78: SimCity
A79: Maxis | B79: SimCity 4 | C79: SimCity
A80: Keen Software House | B80: Space Engineers
A81: Maxis | B81: Spore | C81: Spore
A82: Landfall Games | B82: Stickfight: The Game
A83: Firefly Studios | B83: Stronghold: Crusader | C83: Stronghold
A84: Edmund McMillen & Florian Himsl | B84: The Binding of Isaac
A85: CD Projekt Red | B85: The Witcher | C85: The Witcher
A86: CD Projekt Red | B86: The Witcher 2: Assassins of Kings | C86: The Witcher
A87: Blizzard Entertainment | B87: Warcraft II: Tides of Darkness | C87: Warcraft
A88: Kojima Productions | B88: Metal Gear Solid V: The Phantom Pain | C88: Metal Gear Solid
A89: SCS Software | B89: American Truck Simulator | C89: Trucks Simulator
A90: System 3 | B90: International Karate | C90: International Karate
A91: Sega | B91: Sega Mega Drive and Genesis Classics | C91: Sega Mega Drive and Genesis Classics
A92: Paradox Development Studio | B92: Stellaris
A93: Capcom | B93: Resident Evil 6 | C93: Resident Evil
A94: Coffee Stain Studios | B94: Satisfactory
A95: Capcom | B95: Ultra Street Fighter IV | C95: Street Fighter
A96: PlatinumGames | B96: Nier: Automata | C96: Nier
A97: Capcom | B97: Resident Evil 4: Ultimate HD Edition | C97: Resident Evil
A98: Warhorse Studios | B98: Kingdom Come: Deliverance
A99: Namco Bandai Games | B99: Pac-Man Championship Edition DX+ | C99: Pac-Man
A100: Ensemble Studios | B100: Age of Mythology | C100: Age of Empires
A101: Rogue Entertainment | B101: American McGee's Alice | C101: Alice
A102: Studio Wildcard | B102: Ark: Survival Evolved | C102: Ark: Survival Evolved
A103: EA DICE | B103: Battlefield Vietnam | C103: Battlefield
A104: Irrational Games | B104: BioShock | C104: BioShock
A105: Westwood Studios | B105: Blade Runner
A106: MicroProse | B106: Civilization II | C106: Civilization
A107: EA Los Angeles | B107: Command & Conquer 3: Tiberium Wars | C107: Command & Conquer
A108: Westwood Pacific | B108: Command & Conquer: Red Alert 2 | C108: Command & Conquer
A109: Westwood Studios | B109: Command & Conquer: Tiberian Sun | C109: Command & Conquer
A110: Pyro Studios | B110: Commandos: Behind Enemy Lines | C110: Commandos
A111: Paradox Development Studio | B111: Crusader Kings II | C111: Crusader Kings
A112: Paradox Development Studio | B112: Crusader Kings III | C112: Crusader Kings
A113: Crytek Budapest | B113: Crysis Warhead | C113: Crysis
A114: StudioMDHR | B114: Cuphead
A115: Spike Chunsoft | B115: Danganronpa 2: Goodbye Despair | C115: Danganronpa
A116: Spike Chunsoft | B116: Danganronpa: Trigger Happy Havoc | C116: Danganronpa
...
